{
  "PC Controller Headless Mode": {
    "passed": true,
    "duration": 0.05033373832702637
  },
  "Network Protocol Compatibility": {
    "passed": true,
    "duration": 0.0001201629638671875
  },
  "Android UI Integration": {
    "passed": true,
    "duration": 0.00060272216796875
  },
  "Time Synchronization": {
    "passed": true,
    "duration": 0.0011928081512451172
  },
  "Remote Commands": {
    "passed": true,
    "duration": 4.315376281738281e-05
  },
  "Security Features": {
    "passed": true,
    "duration": 0.00022101402282714844
  },
  "Error Recovery": {
    "passed": true,
    "duration": 0.0002989768981933594
  },
  "Build System": {
    "passed": true,
    "duration": 0.0001201629638671875
  },
  "Deployment Readiness": {
    "passed": true,
    "duration": 9.679794311523438e-05
  },
  "End-to-End Functionality": {
    "passed": true,
    "duration": 4.100799560546875e-05
  }
}