{
  "PC Controller Headless Mode": {
    "passed": true,
    "duration": 0.04495096206665039
  },
  "Network Protocol Compatibility": {
    "passed": true,
    "duration": 7.2479248046875e-05
  },
  "Android UI Integration": {
    "passed": true,
    "duration": 0.0004241466522216797
  },
  "Time Synchronization": {
    "passed": true,
    "duration": 0.0011203289031982422
  },
  "Remote Commands": {
    "passed": true,
    "duration": 2.5987625122070312e-05
  },
  "Security Features": {
    "passed": true,
    "duration": 0.00016045570373535156
  },
  "Error Recovery": {
    "passed": true,
    "duration": 0.00023317337036132812
  },
  "Build System": {
    "passed": true,
    "duration": 9.846687316894531e-05
  },
  "Deployment Readiness": {
    "passed": true,
    "duration": 7.390975952148438e-05
  },
  "End-to-End Functionality": {
    "passed": true,
    "duration": 2.5033950805664062e-05
  }
}