{
  "PC Controller Headless Mode": {
    "passed": true,
    "duration": 0.19068145751953125
  },
  "Network Protocol Compatibility": {
    "passed": true,
    "duration": 8.463859558105469e-05
  },
  "Android UI Integration": {
    "passed": true,
    "duration": 0.000446319580078125
  },
  "Time Synchronization": {
    "passed": true,
    "duration": 0.0012047290802001953
  },
  "Remote Commands": {
    "passed": true,
    "duration": 2.765655517578125e-05
  },
  "Security Features": {
    "passed": true,
    "duration": 0.00015926361083984375
  },
  "Error Recovery": {
    "passed": true,
    "duration": 0.00022029876708984375
  },
  "Build System": {
    "passed": true,
    "duration": 9.465217590332031e-05
  },
  "Deployment Readiness": {
    "passed": true,
    "duration": 7.486343383789062e-05
  },
  "End-to-End Functionality": {
    "passed": true,
    "duration": 2.574920654296875e-05
  }
}