{
  "PC Controller Headless Mode": {
    "passed": true,
    "duration": 1.1074209213256836
  },
  "Network Protocol Compatibility": {
    "passed": true,
    "duration": 0.0001933574676513672
  },
  "Android UI Integration": {
    "passed": true,
    "duration": 0.005873918533325195
  },
  "Time Synchronization": {
    "passed": true,
    "duration": 0.004170656204223633
  },
  "Remote Commands": {
    "passed": true,
    "duration": 7.581710815429688e-05
  },
  "Security Features": {
    "passed": true,
    "duration": 0.0031561851501464844
  },
  "Error Recovery": {
    "passed": true,
    "duration": 0.001711130142211914
  },
  "Build System": {
    "passed": true,
    "duration": 0.0003829002380371094
  },
  "Deployment Readiness": {
    "passed": true,
    "duration": 0.00020837783813476562
  },
  "End-to-End Functionality": {
    "passed": true,
    "duration": 6.246566772460938e-05
  }
}