{
  "status": "PASSED",
  "success_rate": 91.66666666666666,
  "tests_passed": 11,
  "total_tests": 12,
  "duration": 150.5962142944336,
  "results": {
    "Advanced AI Engine": {
      "passed": true,
      "duration": 74.78711748123169
    },
    "Next-Generation Research Tools": {
      "passed": true,
      "duration": 0.0020530223846435547
    },
    "Global Research Network": {
      "passed": false,
      "duration": 0.35729193687438965
    },
    "AI Model Training": {
      "passed": true,
      "duration": 0.6046299934387207
    },
    "Digital Biomarker Extraction": {
      "passed": true,
      "duration": 0.00024437904357910156
    },
    "Circadian Analysis": {
      "passed": true,
      "duration": 0.003503084182739258
    },
    "Social Dynamics Analysis": {
      "passed": true,
      "duration": 0.0014591217041015625
    },
    "Environmental Correlation": {
      "passed": true,
      "duration": 0.0003693103790283203
    },
    "Data Standardization": {
      "passed": true,
      "duration": 0.00020623207092285156
    },
    "Global Collaboration": {
      "passed": true,
      "duration": 3.504753112792969e-05
    },
    "Performance Validation": {
      "passed": true,
      "duration": 0.1084744930267334
    },
    "Integration Testing": {
      "passed": true,
      "duration": 74.73052501678467
    }
  },
  "performance_metrics": {
    "ai_prediction_speed": {
      "avg_time_ms": 1.0813140869140625,
      "predictions_per_second": 924.8006773442462,
      "target_met": "True"
    },
    "data_processing": {
      "throughput_samples_per_sec": 118483163.84180792,
      "processing_time_sec": 8.440017700195312e-05,
      "target_met": true
    },
    "memory_usage": {
      "estimated_mb": 75,
      "target_met": true
    }
  }
}